INSTNM,NPT4_PUB,Year,STABBR,CITY
Fashion Institute of Technology,11005,2009,NY,New York
University of California-Los Angeles,14067,2010,CA,Los Angeles
Fashion Institute of Technology,11166,2010,NY,New York
University of California-Los Angeles,14360,2011,CA,Los Angeles
Fashion Institute of Technology,11621,2011,NY,New York
Fashion Institute of Technology,12078,2012,NY,New York
University of California-Los Angeles,14437,2012,CA,Los Angeles
University of California-Los Angeles,12499,2009,CA,Los Angeles
University of California-Los Angeles,13723,2013,CA,Los Angeles
Fashion Institute of Technology,11466,2013,NY,New York
CUNY John Jay College Criminal Justice,3349,2009,NY,New York
CUNY Bernard M Baruch College,4454,2009,NY,New York
CUNY Borough of Manhattan Community College,6989,2009,NY,New York
CUNY City College,5399,2009,NY,New York
CUNY Hunter College,4472,2009,NY,New York
Los Angeles Southwest College,5319,2010,CA,Los Angeles
CUNY Borough of Manhattan Community College,5584,2010,NY,New York
CUNY City College,4717,2010,NY,New York
CUNY Hunter College,4127,2010,NY,New York
Los Angeles Trade Technical College,5715,2010,CA,Los Angeles
CUNY John Jay College of Criminal Justice,3833,2010,NY,New York
California State University-Los Angeles,4255,2010,CA,Los Angeles
Los Angeles City College,6352,2010,CA,Los Angeles
CUNY Bernard M Baruch College,3740,2010,NY,New York
Los Angeles City College,4757,2011,CA,Los Angeles
Los Angeles Southwest College,5111,2011,CA,Los Angeles
California State University-Los Angeles,3742,2011,CA,Los Angeles
Los Angeles Trade Technical College,5549,2011,CA,Los Angeles
CUNY Hunter College,4714,2011,NY,New York
CUNY John Jay College of Criminal Justice,3295,2011,NY,New York
CUNY Bernard M Baruch College,3906,2011,NY,New York
CUNY Borough of Manhattan Community College,5887,2011,NY,New York
CUNY City College,4518,2011,NY,New York
CUNY John Jay College of Criminal Justice,4893,2012,NY,New York
CUNY Bernard M Baruch College,5554,2012,NY,New York
CUNY Borough of Manhattan Community College,6807,2012,NY,New York
CUNY City College,5726,2012,NY,New York
CUNY Hunter College,6552,2012,NY,New York
Los Angeles Southwest College,4683,2012,CA,Los Angeles
California State University-Los Angeles,4484,2012,CA,Los Angeles
Los Angeles Trade Technical College,5653,2012,CA,Los Angeles
Los Angeles City College,5323,2012,CA,Los Angeles
Los Angeles City College,6899,2009,CA,Los Angeles
Los Angeles Southwest College,8853,2009,CA,Los Angeles
California State University-Los Angeles,3962,2009,CA,Los Angeles
Los Angeles City College,5435,2013,CA,Los Angeles
Los Angeles Trade Technical College,7195,2009,CA,Los Angeles
Stella and Charles Guttman Community College,2492,2013,NY,New York
CUNY Bernard M Baruch College,6543,2013,NY,New York
California State University-Los Angeles,5431,2013,CA,Los Angeles
Los Angeles Southwest College,6063,2013,CA,Los Angeles
CUNY Borough of Manhattan Community College,6778,2013,NY,New York
CUNY City College,5150,2013,NY,New York
CUNY Hunter College,6688,2013,NY,New York
Los Angeles Trade Technical College,5074,2013,CA,Los Angeles
CUNY John Jay College of Criminal Justice,5141,2013,NY,New York
COPE INSTITUTE,,2000,NY,New York
AMERICAN COLLEGE OF BUSINESS,,2000,CA,Los Angeles
YO SAN UNIVERSITY OF TRADITIONAL CHINESE MEDICINE,,2000,CA,Los Angeles
AMERICAN BARBER INSTITUTE,,2000,NY,New York
COPE INSTITUTE,,2001,NY,New York
AMERICAN COLLEGE OF BUSINESS,,2001,CA,Los Angeles
YO SAN UNIVERSITY OF TRADITIONAL CHINESE MEDICINE,,2001,CA,Los Angeles
MANHATTAN SCHOOL OF COMPUTER TECHNOLOGY,,2001,NY,New York
AMERICAN BARBER INSTITUTE,,2001,NY,New York
CHASE COLLEGE,,2001,CA,Los Angeles
INSTITUTE OF COMPUTER TECHNOLOGY,,2002,CA,Los Angeles
COPE INSTITUTE,,2002,NY,New York
NEW YORK INTERNATIONAL BEAUTY SCHOOL LTD,,2002,NY,New York
YO SAN UNIVERSITY OF TRADITIONAL CHINESE MEDICINE,,2002,CA,Los Angeles
MANHATTAN SCHOOL OF COMPUTER TECHNOLOGY,,2002,NY,New York
LOS ANGELES COLLEGE OF MICROTECHNOLOGY,,2002,CA,Los Angeles
AMERICAN BARBER INSTITUTE INC,,2002,NY,New York
CHASE COLLEGE,,2002,CA,Los Angeles
AMERICAN CAREER COLLEGE,,2003,CA,Los Angeles
CITY UNIVERSITY-LOS ANGELES,,2003,CA,Los Angeles
INSTITUTE OF COMPUTER TECHNOLOGY,,2003,CA,Los Angeles
COPE INSTITUTE,,2003,NY,New York
MOUNT SINAI SCHOOL OF MEDICINE,,2003,NY,New York
NEW YORK INTERNATIONAL BEAUTY SCHOOL LTD,,2003,NY,New York
YO SAN UNIVERSITY OF TRADITIONAL CHINESE MEDICINE,,2003,CA,Los Angeles
MANHATTAN SCHOOL OF COMPUTER TECHNOLOGY,,2003,NY,New York
AMERICAN BARBER INSTITUTE INC,,2003,NY,New York
CHASE COLLEGE,,2003,CA,Los Angeles
THE CHUBB INSTITUTE,,2003,NY,New York
WEST COAST UNIVERSITY,,2003,CA,Los Angeles
GEMOLOGICAL INSTITUTE OF AMERICA-LOS ANGELES,,2003,CA,Los Angeles
AMERICAN ACADEMY OF DRAMATIC ARTS-WEST,,2004,CA,Los Angeles
AMERICAN CAREER COLLEGE,,2004,CA,Los Angeles
INSTITUTE OF COMPUTER TECHNOLOGY,,2004,CA,Los Angeles
COPE INSTITUTE,,2004,NY,New York
KATHARINE GIBBS SCHOOL-NEW YORK CITY,,2004,NY,New York
MOUNT SINAI SCHOOL OF MEDICINE,,2004,NY,New York
BRYMAN COLLEGE-WEST LOS ANGELES,,2004,CA,Los Angeles
NEW YORK INTERNATIONAL BEAUTY SCHOOL LTD,,2004,NY,New York
YO SAN UNIVERSITY OF TRADITIONAL CHINESE MEDICINE,,2004,CA,Los Angeles
MANHATTAN SCHOOL OF COMPUTER TECHNOLOGY,,2004,NY,New York
AMERICAN BARBER INSTITUTE INC,,2004,NY,New York
CHASE COLLEGE,,2004,CA,Los Angeles
THE CHUBB INSTITUTE-MANHATTAN,,2004,NY,New York
WEST COAST UNIVERSITY,,2004,CA,Los Angeles
Abram Friedman Occupational Center,,2005,CA,Los Angeles
Academy Pacific Travel College,,2005,CA,Los Angeles
American Academy of Dramatic Arts-West,,2005,CA,Los Angeles
American Film Institute Conservatory,,2005,CA,Los Angeles
American Intercontinental University,,2005,CA,Los Angeles
American Career College,,2005,CA,Los Angeles
Associated Technical College,,2005,CA,Los Angeles
Bryan College,,2005,CA,Los Angeles
California State University-Los Angeles,,2005,CA,Los Angeles
University of California-Los Angeles,,2005,CA,Los Angeles
Charles R Drew University of Medicine and Science,,2005,CA,Los Angeles
Cleveland Chiropractic College of Los Angeles,,2005,CA,Los Angeles
Fashion Institute of Design & Merchandising-Los Angeles,,2005,CA,Los Angeles
Institute of Computer Technology,,2005,CA,Los Angeles
University of Judaism,,2005,CA,Los Angeles
Los Angeles Southwest College,,2005,CA,Los Angeles
Los Angeles Trade Technical College,,2005,CA,Los Angeles
Los Angeles City College,,2005,CA,Los Angeles
Los Angeles County College of Nursing and Allied Health,,2005,CA,Los Angeles
Loyola Marymount University,,2005,CA,Los Angeles
Marinello School of Beauty,,2005,CA,Los Angeles
Marinello School of Beauty,,2005,CA,Los Angeles
Mount St Mary's College,,2005,CA,Los Angeles
Bryman College,,2005,CA,Los Angeles
Marinello School of Beauty,,2005,CA,Los Angeles
Occidental College,,2005,CA,Los Angeles
Otis College of Art and Design,,2005,CA,Los Angeles
Pacific States University,,2005,CA,Los Angeles
Dongguk Royal University,,2005,CA,Los Angeles
Samra University of Oriental Medicine,,2005,CA,Los Angeles
Westwood College-Los Angeles,,2005,CA,Los Angeles
Southern California Institute of Architecture,,2005,CA,Los Angeles
University of Southern California,,2005,CA,Los Angeles
Southwestern University School of Law,,2005,CA,Los Angeles
United Education Institute-Los Angeles Campus,,2005,CA,Los Angeles
Universal College of Beauty Inc,,2005,CA,Los Angeles
Yeshiva Ohr Elchonon Chabad West Coast Talmudical Seminary,,2005,CA,Los Angeles
Tri-State College of Acupuncture,,2005,NY,New York
Globe Institute of Technology,,2005,NY,New York
The Ailey School,,2005,NY,New York
American Academy of Dramatic Arts,,2005,NY,New York
American Academy McAllister Institute of Funeral Services,,2005,NY,New York
Joffrey Ballet School-American Ballet Center,,2005,NY,New York
American Musical and Dramatic Academy,,2005,NY,New York
Apex Technical School,,2005,NY,New York
Bank Street College of Education,,2005,NY,New York
Barnard College,,2005,NY,New York
Berkeley College,,2005,NY,New York
Phillips Beth Israel School of Nursing,,2005,NY,New York
Boricua College,,2005,NY,New York
Career Blazers Learning Center,,2005,NY,New York
Caliber Training Institute,,2005,NY,New York
Circle in the Square Theater School,,2005,NY,New York
Metropolitan College of New York,,2005,NY,New York
Columbia University in the City of New York,,2005,NY,New York
Cooper Union for the Advancement of Science and Art,,2005,NY,New York
Weill Cornell Medical College,,2005,NY,New York
CUNY Bernard M Baruch College,,2005,NY,New York
CUNY Borough of Manhattan Community College,,2005,NY,New York
CUNY City College,,2005,NY,New York
CUNY Graduate School and University Center,,2005,NY,New York
CUNY Hunter College,,2005,NY,New York
CUNY John Jay College Criminal Justice,,2005,NY,New York
Fashion Institute of Technology,,2005,NY,New York
French Culinary Institute,,2005,NY,New York
Gemological Institute of America-New York,,2005,NY,New York
The General Theological Seminary,,2005,NY,New York
Global Business Institute,,2005,NY,New York
Helene Fuld College of Nursing,,2005,NY,New York
Institute of Audio Research,,2005,NY,New York
Interboro Institute,,2005,NY,New York
Jewish Theological Seminary of America,,2005,NY,New York
The Juilliard School,,2005,NY,New York
Katharine Gibbs School-New York City,,2005,NY,New York
Laboratory Institute of Merchandising,,2005,NY,New York
Mandl School,,2005,NY,New York
Manhattan School of Music,,2005,NY,New York
Marymount Manhattan College,,2005,NY,New York
Memorial Hospital School of Radiation Therapy Technology,,2005,NY,New York
Merce Cunningham Studio,,2005,NY,New York
Mesivtha Tifereth Jerusalem of America,,2005,NY,New York
Mount Sinai School of Medicine,,2005,NY,New York
Neighborhood Playhouse School of the Theater,,2005,NY,New York
The New School,,2005,NY,New York
New York Institute of English and Business,,2005,NY,New York
New York Law School,,2005,NY,New York
New York University,,2005,NY,New York
New York College of Podiatric Medicine,,2005,NY,New York
New York Institute of Technology-Manhattan Campus,,2005,NY,New York
New York School of Interior Design,,2005,NY,New York
Pace University-New York,,2005,NY,New York
Professional Business College,,2005,NY,New York
Learning Institute for Beauty Sciences-Manhattan,,2005,NY,New York
New York Career Institute,,2005,NY,New York
SUNY College of Optometry,,2005,NY,New York
Swedish Institute College of Health Sciences,,2005,NY,New York
Taylor Business Institute,,2005,NY,New York
Teachers College at Columbia University,,2005,NY,New York
Technical Career Institutes,,2005,NY,New York
Touro College,,2005,NY,New York
Sanford-Brown Institute,,2005,NY,New York
Union Theological Seminary,,2005,NY,New York
School of Visual Arts,,2005,NY,New York
Wood Tobe-Coburn School,,2005,NY,New York
Yeshiva University,,2005,NY,New York
Hebrew Union College-California Branch,,2005,CA,Los Angeles
Hebrew Union College-Jewish Institute of Religion,,2005,NY,New York
The New School,,2006,NY,New York
Culinary Academy of New York,,2006,NY,New York
New York Institute of English and Business,,2006,NY,New York
New York Law School,,2006,NY,New York
New York University,,2006,NY,New York
New York College of Podiatric Medicine,,2006,NY,New York
New York Institute of Technology-Manhattan Campus,,2006,NY,New York
New York School of Interior Design,,2006,NY,New York
Pace University-New York,,2006,NY,New York
Professional Business College,,2006,NY,New York
Learning Institute for Beauty Sciences-Manhattan,,2006,NY,New York
New York Career Institute,,2006,NY,New York
SUNY College of Optometry,,2006,NY,New York
Swedish Institute College of Health Sciences,,2006,NY,New York
Teachers College at Columbia University,,2006,NY,New York
Technical Career Institutes,,2006,NY,New York
Touro College,,2006,NY,New York
Sanford-Brown Institute,,2006,NY,New York
Union Theological Seminary,,2006,NY,New York
School of Visual Arts,,2006,NY,New York
Wood Tobe-Coburn School,,2006,NY,New York
Yeshiva University,,2006,NY,New York
Hebrew Union College-California Branch,,2006,CA,Los Angeles
Hebrew Union College-Jewish Institute of Religion,,2006,NY,New York
The Art Institute of New York City,,2006,NY,New York
New York Academy of Art,,2006,NY,New York
Los Angeles ORT Technical Institute,,2006,CA,Los Angeles
Bryman College-West Los Angeles,,2006,CA,Los Angeles
Universal College of Beauty Inc,,2006,CA,Los Angeles
Dance Theatre of Harlem Inc,,2006,NY,New York
New York International Beauty School Ltd,,2006,NY,New York
Diversified Language Institute,,2006,CA,Los Angeles
DVS College,,2006,CA,Los Angeles
World Mission University,,2006,CA,Los Angeles
Yo San University of Traditional Chinese Medicine,,2006,CA,Los Angeles
California Design College,,2006,CA,Los Angeles
Marian Health Careers Center,,2006,CA,Los Angeles
Pacific College of Oriental Medicine-New York,,2006,NY,New York
Manhattan School of Computer Technology,,2006,NY,New York
New York Paralegal School,,2006,NY,New York
School for Film and Television,,2006,NY,New York
Lia Schorr Institute of Cosmetic Skin Care Training,,2006,NY,New York
Studio Jewelers,,2006,NY,New York
Virginia Sewing MacHines and School Center,,2006,CA,Los Angeles
American Barber Institute Inc,,2006,NY,New York
Chase College,,2006,CA,Los Angeles
ICDC College,,2006,CA,Los Angeles
Community Based Education Development,,2006,CA,Los Angeles
Harlem School of Technology,,2006,NY,New York
The Chubb Institute-Manhattan,,2006,NY,New York
California Healing Arts College,,2006,CA,Los Angeles
West Coast University,,2006,CA,Los Angeles
Community Enhancement Services,,2006,CA,Los Angeles
Liberty Training Institute,,2006,CA,Los Angeles
Ladera Career Paths Training Centers,,2006,CA,Los Angeles
Walter Jay MD Institute An Educational Center,,2006,CA,Los Angeles
Carsten Institute of New York,,2006,NY,New York
Palace Beauty College,,2006,CA,Los Angeles
Aveda Institute New York,,2006,NY,New York
Abram Friedman Occupational Center,,2007,CA,Los Angeles
American Academy of Dramatic Arts-West,,2007,CA,Los Angeles
American Film Institute Conservatory,,2007,CA,Los Angeles
American Intercontinental University,,2007,CA,Los Angeles
American Career College,,2007,CA,Los Angeles
Associated Technical College,,2007,CA,Los Angeles
Bryan College,,2007,CA,Los Angeles
California State University-Los Angeles,,2007,CA,Los Angeles
University of California-Los Angeles,,2007,CA,Los Angeles
Charles Drew University of Medicine and Science,,2007,CA,Los Angeles
Cleveland Chiropractic College of Los Angeles,,2007,CA,Los Angeles
The Fashion Institute of Design & Merchandising-Los Angeles,,2007,CA,Los Angeles
LA College International,,2007,CA,Los Angeles
American Jewish University,,2007,CA,Los Angeles
Los Angeles Southwest College,,2007,CA,Los Angeles
Los Angeles Trade Technical College,,2007,CA,Los Angeles
Los Angeles City College,,2007,CA,Los Angeles
Los Angeles County College of Nursing and Allied Health,,2007,CA,Los Angeles
Loyola Marymount University,,2007,CA,Los Angeles
Marinello School of Beauty,,2007,CA,Los Angeles
Marinello School of Beauty,,2007,CA,Los Angeles
Mount St Mary's College,,2007,CA,Los Angeles
Everest College-LA Wilshire,,2007,CA,Los Angeles
Marinello School of Beauty,,2007,CA,Los Angeles
Occidental College,,2007,CA,Los Angeles
Otis College of Art and Design,,2007,CA,Los Angeles
Pacific States University,,2007,CA,Los Angeles
Dongguk Royal University,,2007,CA,Los Angeles
Samra University of Oriental Medicine,,2007,CA,Los Angeles
Westwood College-Los Angeles,,2007,CA,Los Angeles
Southern California Institute of Architecture,,2007,CA,Los Angeles
University of Southern California,,2007,CA,Los Angeles
Southwestern Law School,,2007,CA,Los Angeles
Universal College of Beauty Inc,,2007,CA,Los Angeles
Maxine Waters Employment Preparation Center,,2007,CA,Los Angeles
Yeshiva Ohr Elchonon Chabad West Coast Talmudical Seminary,,2007,CA,Los Angeles
Tri-State College of Acupuncture,,2007,NY,New York
The Art Institute of New York City,,2005,NY,New York
New York Academy of Art,,2005,NY,New York
Los Angeles ORT Technical Institute,,2005,CA,Los Angeles
Bryman College-West Los Angeles,,2005,CA,Los Angeles
Universal College of Beauty Inc,,2005,CA,Los Angeles
Dance Theatre of Harlem Inc,,2005,NY,New York
New York International Beauty School Ltd,,2005,NY,New York
DVS College,,2005,CA,Los Angeles
Escuelas Leicester,,2005,CA,Los Angeles
World Mission University,,2005,CA,Los Angeles
Yo San University of Traditional Chinese Medicine,,2005,CA,Los Angeles
California Design College,,2005,CA,Los Angeles
Marian Health Careers Center,,2005,CA,Los Angeles
Pacific College of Oriental Medicine-New York,,2005,NY,New York
Manhattan School of Computer Technology,,2005,NY,New York
New York Paralegal School,,2005,NY,New York
School for Film and Television,,2005,NY,New York
Lia Schorr Institute of Cosmetic Skin Care Training,,2005,NY,New York
Studio Jewelers,,2005,NY,New York
Virginia Sewing MacHines and School Center,,2005,CA,Los Angeles
Maric College-Los Angeles,,2005,CA,Los Angeles
American Barber Institute Inc,,2005,NY,New York
Chase College,,2005,CA,Los Angeles
ICDC College,,2005,CA,Los Angeles
Community Based Education Development,,2005,CA,Los Angeles
Harlem School of Technology,,2005,NY,New York
The Chubb Institute-Manhattan,,2005,NY,New York
California Healing Arts College,,2005,CA,Los Angeles
West Coast University,,2005,CA,Los Angeles
Community Enhancement Services,,2005,CA,Los Angeles
Liberty Training Institute,,2005,CA,Los Angeles
Training Solutions Inc,,2005,NY,New York
Ladera Career Paths Training Centers,,2005,CA,Los Angeles
Walter Jay MD Institute An Educational Center,,2005,CA,Los Angeles
Carsten Institute of New York,,2005,NY,New York
Abram Friedman Occupational Center,,2006,CA,Los Angeles
American Academy of Dramatic Arts-West,,2006,CA,Los Angeles
American Film Institute Conservatory,,2006,CA,Los Angeles
American Intercontinental University,,2006,CA,Los Angeles
American Career College,,2006,CA,Los Angeles
Associated Technical College,,2006,CA,Los Angeles
Bryan College,,2006,CA,Los Angeles
California State University-Los Angeles,,2006,CA,Los Angeles
University of California-Los Angeles,,2006,CA,Los Angeles
Charles R Drew University of Medicine and Science,,2006,CA,Los Angeles
Cleveland Chiropractic College of Los Angeles,,2006,CA,Los Angeles
The Fashion Institute of Design & Merchandising-Los Angeles,,2006,CA,Los Angeles
LA College International,,2006,CA,Los Angeles
University of Judaism,,2006,CA,Los Angeles
Los Angeles Southwest College,,2006,CA,Los Angeles
Los Angeles Trade Technical College,,2006,CA,Los Angeles
Los Angeles City College,,2006,CA,Los Angeles
Los Angeles County College of Nursing and Allied Health,,2006,CA,Los Angeles
Loyola Marymount University,,2006,CA,Los Angeles
Marinello School of Beauty,,2006,CA,Los Angeles
Marinello School of Beauty,,2006,CA,Los Angeles
Mount St Mary's College,,2006,CA,Los Angeles
Bryman College,,2006,CA,Los Angeles
Marinello School of Beauty,,2006,CA,Los Angeles
Occidental College,,2006,CA,Los Angeles
Otis College of Art and Design,,2006,CA,Los Angeles
Pacific States University,,2006,CA,Los Angeles
Dongguk Royal University,,2006,CA,Los Angeles
Samra University of Oriental Medicine,,2006,CA,Los Angeles
Westwood College-Los Angeles,,2006,CA,Los Angeles
Southern California Institute of Architecture,,2006,CA,Los Angeles
University of Southern California,,2006,CA,Los Angeles
Southwestern Law School,,2006,CA,Los Angeles
Universal College of Beauty Inc,,2006,CA,Los Angeles
Maxine Waters Employment Preparation Center,,2006,CA,Los Angeles
Yeshiva Ohr Elchonon Chabad West Coast Talmudical Seminary,,2006,CA,Los Angeles
Tri-State College of Acupuncture,,2006,NY,New York
Globe Institute of Technology,,2006,NY,New York
The Ailey School,,2006,NY,New York
American Academy of Dramatic Arts,,2006,NY,New York
American Academy McAllister Institute of Funeral Services,,2006,NY,New York
Joffrey Ballet School-American Ballet Center,,2006,NY,New York
American Musical and Dramatic Academy,,2006,NY,New York
Apex Technical School,,2006,NY,New York
Bank Street College of Education,,2006,NY,New York
Barnard College,,2006,NY,New York
Berkeley College,,2006,NY,New York
Phillips Beth Israel School of Nursing,,2006,NY,New York
Boricua College,,2006,NY,New York
Career Blazers Learning Center,,2006,NY,New York
Caliber Training Institute,,2006,NY,New York
Circle in the Square Theater School,,2006,NY,New York
Metropolitan College of New York,,2006,NY,New York
Columbia University in the City of New York,,2006,NY,New York
Cooper Union for the Advancement of Science and Art,,2006,NY,New York
Weill Cornell Medical College,,2006,NY,New York
CUNY Bernard M Baruch College,,2006,NY,New York
CUNY Borough of Manhattan Community College,,2006,NY,New York
CUNY City College,,2006,NY,New York
CUNY Graduate School and University Center,,2006,NY,New York
CUNY Hunter College,,2006,NY,New York
CUNY John Jay College Criminal Justice,,2006,NY,New York
Fashion Institute of Technology,,2006,NY,New York
French Culinary Institute,,2006,NY,New York
Gemological Institute of America-New York,,2006,NY,New York
The General Theological Seminary,,2006,NY,New York
Global Business Institute,,2006,NY,New York
Helene Fuld College of Nursing,,2006,NY,New York
Institute of Audio Research,,2006,NY,New York
Interboro Institute,,2006,NY,New York
Jewish Theological Seminary of America,,2006,NY,New York
The Juilliard School,,2006,NY,New York
Katharine Gibbs School-New York City,,2006,NY,New York
Laboratory Institute of Merchandising,,2006,NY,New York
Mandl The College of Allied Health,,2006,NY,New York
Manhattan School of Music,,2006,NY,New York
Marymount Manhattan College,,2006,NY,New York
Memorial Hospital School of Radiation Therapy Technology,,2006,NY,New York
Merce Cunningham Studio,,2006,NY,New York
Mesivtha Tifereth Jerusalem of America,,2006,NY,New York
Mount Sinai School of Medicine,,2006,NY,New York
Neighborhood Playhouse School of the Theater,,2006,NY,New York
Globe Institute of Technology,,2007,NY,New York
The Ailey School,,2007,NY,New York
American Academy of Dramatic Arts,,2007,NY,New York
American Academy McAllister Institute of Funeral Service,,2007,NY,New York
Joffrey Ballet School-American Ballet Center,,2007,NY,New York
American Musical and Dramatic Academy,,2007,NY,New York
Apex Technical School,,2007,NY,New York
Bank Street College of Education,,2007,NY,New York
Barnard College,,2007,NY,New York
Berkeley College,,2007,NY,New York
Phillips Beth Israel School of Nursing,,2007,NY,New York
Boricua College,,2007,NY,New York
Circle in the Square Theater School,,2007,NY,New York
Metropolitan College of New York,,2007,NY,New York
Columbia University in the City of New York,,2007,NY,New York
Cooper Union for the Advancement of Science and Art,,2007,NY,New York
Weill Cornell Medical College,,2007,NY,New York
CUNY Bernard M Baruch College,,2007,NY,New York
CUNY Borough of Manhattan Community College,,2007,NY,New York
CUNY City College,,2007,NY,New York
CUNY Graduate School and University Center,,2007,NY,New York
CUNY Hunter College,,2007,NY,New York
CUNY John Jay College Criminal Justice,,2007,NY,New York
Fashion Institute of Technology,,2007,NY,New York
French Culinary Institute,,2007,NY,New York
Gemological Institute of America-New York,,2007,NY,New York
The General Theological Seminary,,2007,NY,New York
Global Business Institute,,2007,NY,New York
Helene Fuld College of Nursing,,2007,NY,New York
Institute of Audio Research,,2007,NY,New York
Jewish Theological Seminary of America,,2007,NY,New York
The Juilliard School,,2007,NY,New York
Katharine Gibbs School-New York City,,2007,NY,New York
Laboratory Institute of Merchandising,,2007,NY,New York
Mandl The College of Allied Health,,2007,NY,New York
Manhattan School of Music,,2007,NY,New York
Marymount Manhattan College,,2007,NY,New York
Memorial Hospital School of Radiation Therapy Technology,,2007,NY,New York
Merce Cunningham Studio,,2007,NY,New York
Mesivtha Tifereth Jerusalem of America,,2007,NY,New York
Mount Sinai School of Medicine,,2007,NY,New York
Neighborhood Playhouse School of the Theater,,2007,NY,New York
The New School,,2007,NY,New York
Career Academy of New York,,2007,NY,New York
New York Institute of English and Business,,2007,NY,New York
New York Law School,,2007,NY,New York
New York University,,2007,NY,New York
New York College of Podiatric Medicine,,2007,NY,New York
New York Institute of Technology-Manhattan Campus,,2007,NY,New York
New York School of Interior Design,,2007,NY,New York
Pace University-New York,,2007,NY,New York
Professional Business College,,2007,NY,New York
Empire Beauty School-Manhattan,,2007,NY,New York
New York Career Institute,,2007,NY,New York
SUNY College of Optometry,,2007,NY,New York
Swedish Institute College of Health Sciences,,2007,NY,New York
Teachers College at Columbia University,,2007,NY,New York
Technical Career Institutes,,2007,NY,New York
Touro College,,2007,NY,New York
Sanford-Brown Institute,,2007,NY,New York
Union Theological Seminary,,2007,NY,New York
School of Visual Arts,,2007,NY,New York
Wood Tobe-Coburn School,,2007,NY,New York
Yeshiva University,,2007,NY,New York
Hebrew Union College-California Branch,,2007,CA,Los Angeles
Hebrew Union College-Jewish Institute of Religion,,2007,NY,New York
The Art Institute of New York City,,2007,NY,New York
New York Academy of Art,,2007,NY,New York
Los Angeles ORT Technical Institute,,2007,CA,Los Angeles
Everest College-West Los Angeles,,2007,CA,Los Angeles
Universal College of Beauty Inc,,2007,CA,Los Angeles
Dance Theatre of Harlem Inc,,2007,NY,New York
New York International Beauty School Ltd,,2007,NY,New York
Diversified Language Institute,,2007,CA,Los Angeles
World Mission University,,2007,CA,Los Angeles
Yo San University of Traditional Chinese Medicine,,2007,CA,Los Angeles
California Design College,,2007,CA,Los Angeles
Marian Health Careers Center,,2007,CA,Los Angeles
Pacific College of Oriental Medicine-New York,,2007,NY,New York
New York Paralegal School,,2007,NY,New York
New York Conservatory for Dramatic Arts,,2007,NY,New York
Lia Schorr Institute of Cosmetic Skin Care Training,,2007,NY,New York
Studio Jewelers,,2007,NY,New York
Virginia Sewing Machines and School Center,,2007,CA,Los Angeles
American Barber Institute Inc,,2007,NY,New York
ICDC College,,2007,CA,Los Angeles
Community Based Education Development,,2007,CA,Los Angeles
Harlem School of Technology Inc,,2007,NY,New York
The Chubb Institute-Manhattan,,2007,NY,New York
California Healing Arts College,,2007,CA,Los Angeles
West Coast University,,2007,CA,Los Angeles
CES College,,2007,CA,Los Angeles
Liberty Training Institute,,2007,CA,Los Angeles
Ladera Career Paths Training Centers,,2007,CA,Los Angeles
Walter Jay MD Institute An Educational Center,,2007,CA,Los Angeles
Carsten Institute of New York,,2007,NY,New York
Palace Beauty College,,2007,CA,Los Angeles
Aveda Institute New York,,2007,NY,New York
Meridian Institute,,2007,CA,Los Angeles
New Age Training,,2007,NY,New York
USA Beauty School International,,2007,NY,New York
ABI School of Barbering & Cosmetology of Tribeca,,2007,NY,New York
Golden Gate University-Los Angeles,,2007,CA,Los Angeles
Mount Saint Marys College,,2007,CA,Los Angeles
Pratt Manhattan-A Division of Pratt Institute,,2007,NY,New York
Union Institute & University,,2007,CA,Los Angeles
Abram Friedman Occupational Center,,2008,CA,Los Angeles
American Film Institute Conservatory,,2008,CA,Los Angeles
American Intercontinental University,,2008,CA,Los Angeles
American Career College,,2008,CA,Los Angeles
Associated Technical College,,2008,CA,Los Angeles
Bryan College,,2008,CA,Los Angeles
California State University-Los Angeles,,2008,CA,Los Angeles
University of California-Los Angeles,,2008,CA,Los Angeles
Charles Drew University of Medicine and Science,,2008,CA,Los Angeles
Cleveland Chiropractic College of Los Angeles,,2008,CA,Los Angeles
The Fashion Institute of Design & Merchandising-Los Angeles,,2008,CA,Los Angeles
LA College International,,2008,CA,Los Angeles
American Jewish University,,2008,CA,Los Angeles
Los Angeles Southwest College,,2008,CA,Los Angeles
Los Angeles Trade Technical College,,2008,CA,Los Angeles
Los Angeles City College,,2008,CA,Los Angeles
Los Angeles County College of Nursing and Allied Health,,2008,CA,Los Angeles
Loyola Marymount University,,2008,CA,Los Angeles
Marinello School of Beauty,,2008,CA,Los Angeles
Mount St Mary's College,,2008,CA,Los Angeles
Everest College-LA Wilshire,,2008,CA,Los Angeles
Marinello School of Beauty,,2008,CA,Los Angeles
Occidental College,,2008,CA,Los Angeles
Otis College of Art and Design,,2008,CA,Los Angeles
Pacific States University,,2008,CA,Los Angeles
Dongguk Royal University,,2008,CA,Los Angeles
Samra University of Oriental Medicine,,2008,CA,Los Angeles
Westwood College-Los Angeles,,2008,CA,Los Angeles
Southern California Institute of Architecture,,2008,CA,Los Angeles
University of Southern California,,2008,CA,Los Angeles
Southwestern Law School,,2008,CA,Los Angeles
Universal College of Beauty Inc,,2008,CA,Los Angeles
Maxine Waters Employment Preparation Center,,2008,CA,Los Angeles
Yeshiva Ohr Elchonon Chabad West Coast Talmudical Seminary,,2008,CA,Los Angeles
Tri-State College of Acupuncture,,2008,NY,New York
Globe Institute of Technology,,2008,NY,New York
The Ailey School,,2008,NY,New York
American Academy of Dramatic Arts,,2008,NY,New York
American Academy McAllister Institute of Funeral Service,,2008,NY,New York
Joffrey Ballet School-American Ballet Center,,2008,NY,New York
American Musical and Dramatic Academy,,2008,NY,New York
Apex Technical School,,2008,NY,New York
Bank Street College of Education,,2008,NY,New York
Barnard College,,2008,NY,New York
Berkeley College,,2008,NY,New York
Phillips Beth Israel School of Nursing,,2008,NY,New York
Boricua College,,2008,NY,New York
Circle in the Square Theater School,,2008,NY,New York
Metropolitan College of New York,,2008,NY,New York
Columbia University in the City of New York,,2008,NY,New York
Cooper Union for the Advancement of Science and Art,,2008,NY,New York
Weill Cornell Medical College,,2008,NY,New York
CUNY Bernard M Baruch College,,2008,NY,New York
CUNY Borough of Manhattan Community College,,2008,NY,New York
CUNY City College,,2008,NY,New York
CUNY Graduate School and University Center,,2008,NY,New York
CUNY Hunter College,,2008,NY,New York
CUNY John Jay College Criminal Justice,,2008,NY,New York
Fashion Institute of Technology,,2008,NY,New York
French Culinary Institute,,2008,NY,New York
Gemological Institute of America-New York,,2008,NY,New York
The General Theological Seminary,,2008,NY,New York
Global Business Institute,,2008,NY,New York
Helene Fuld College of Nursing,,2008,NY,New York
Institute of Audio Research,,2008,NY,New York
Jewish Theological Seminary of America,,2008,NY,New York
The Juilliard School,,2008,NY,New York
Katharine Gibbs School-New York City,,2008,NY,New York
Laboratory Institute of Merchandising,,2008,NY,New York
Mandl The College of Allied Health,,2008,NY,New York
Manhattan School of Music,,2008,NY,New York
Marymount Manhattan College,,2008,NY,New York
Memorial Hospital School of Radiation Therapy Technology,,2008,NY,New York
Merce Cunningham Studio,,2008,NY,New York
Mesivtha Tifereth Jerusalem of America,,2008,NY,New York
Mount Sinai School of Medicine,,2008,NY,New York
Neighborhood Playhouse School of the Theater,,2008,NY,New York
The New School,,2008,NY,New York
Career Academy of New York,,2008,NY,New York
New York Institute of English and Business,,2008,NY,New York
New York Law School,,2008,NY,New York
New York University,,2008,NY,New York
New York College of Podiatric Medicine,,2008,NY,New York
New York Institute of Technology-Manhattan Campus,,2008,NY,New York
New York School of Interior Design,,2008,NY,New York
Pace University-New York,,2008,NY,New York
Professional Business College,,2008,NY,New York
Empire Beauty School-Manhattan,,2008,NY,New York
New York Career Institute,,2008,NY,New York
SUNY College of Optometry,,2008,NY,New York
Swedish Institute College of Health Sciences,,2008,NY,New York
Teachers College at Columbia University,,2008,NY,New York
Technical Career Institutes,,2008,NY,New York
Touro College,,2008,NY,New York
Sanford-Brown Institute,,2008,NY,New York
Union Theological Seminary,,2008,NY,New York
School of Visual Arts,,2008,NY,New York
Wood Tobe-Coburn School,,2008,NY,New York
Yeshiva University,,2008,NY,New York
Hebrew Union College-Jewish Institute of Religion,,2008,CA,Los Angeles
Hebrew Union College-Jewish Institute of Religion,,2008,NY,New York
The Art Institute of New York City,,2008,NY,New York
Los Angeles ORT Technical Institute,,2008,CA,Los Angeles
New York Academy of Art,,2008,NY,New York
Everest College-West Los Angeles,,2008,CA,Los Angeles
Universal College of Beauty Inc,,2008,CA,Los Angeles
New York International Beauty School Ltd,,2008,NY,New York
World Mission University,,2008,CA,Los Angeles
Coast Career Institute,,2008,CA,Los Angeles
Marian Health Careers Center,,2008,CA,Los Angeles
New York Conservatory for Dramatic Arts,,2008,NY,New York
Dance Theatre of Harlem Inc,,2008,NY,New York
A.B.I. School of Barbering & Cosmetology of Chelsea Inc.,,2008,NY,New York
Diversified Language Institute,,2008,CA,Los Angeles
Anthem Institute - Manhattan,,2008,NY,New York
Yo San University of Traditional Chinese Medicine,,2008,CA,Los Angeles
Liberty Training Institute,,2008,CA,Los Angeles
The Art Institute of California-Hollywood,,2008,CA,Los Angeles
Palace Beauty College,,2008,CA,Los Angeles
Pacific College of Oriental Medicine-New York,,2008,NY,New York
A.B.I. School of Barbering & Cosmetology of Tribeca Inc.,,2008,NY,New York
Lia Schorr Institute of Cosmetic Skin Care Training,,2008,NY,New York
Studio Jewelers,,2008,NY,New York
Virginia Sewing Machines and School Center,,2008,CA,Los Angeles
Abram Friedman Occupational Center,,2009,CA,Los Angeles
ICDC College,,2008,CA,Los Angeles
Community Based Education and Development DBA CBD College,,2008,CA,Los Angeles
Harlem School of Technology Inc,,2008,NY,New York
The Fashion Institute of Design & Merchandising-Los Angeles,,2009,CA,Los Angeles
California Healing Arts College,,2008,CA,Los Angeles
West Coast University,,2008,CA,Los Angeles
CES College,,2008,CA,Los Angeles
Occidental College,,2009,CA,Los Angeles
Ladera Career Paths Training Centers,,2008,CA,Los Angeles
Walter Jay MD Institute An Educational Center,,2008,CA,Los Angeles
Carsten Institute of New York,,2008,NY,New York
Southwestern Law School,,2009,CA,Los Angeles
Aveda Institute New York,,2008,NY,New York
New Age Training,,2008,NY,New York
USA Beauty School International,,2008,NY,New York
The Ailey School,,2013,NY,New York
Career College Consultants,,2008,CA,Los Angeles
Micropower Career Institute,,2008,NY,New York
The King’s College,,2008,NY,New York
Golden Gate University-Los Angeles,,2008,CA,Los Angeles
Mount St. Mary's College - Doheny Campus,,2008,CA,Los Angeles
Pratt Manhattan-A Division of Pratt Institute,,2008,NY,New York
Union Institute & University,,2008,CA,Los Angeles
Star Career Academy-New York,,2013,NY,New York
American Film Institute Conservatory,,2009,CA,Los Angeles
American InterContinental University,,2009,CA,Los Angeles
American Career College,,2009,CA,Los Angeles
Associated Technical College,,2009,CA,Los Angeles
Bryan College,,2009,CA,Los Angeles
Charles Drew University of Medicine and Science,,2009,CA,Los Angeles
Cleveland Chiropractic College of Los Angeles,,2009,CA,Los Angeles
Marian Health Careers Center-Los Angeles Campus,,2013,CA,Los Angeles
LA College International,,2009,CA,Los Angeles
American Jewish University,,2009,CA,Los Angeles
Los Angeles County College of Nursing and Allied Health,,2009,CA,Los Angeles
Loyola Marymount University,,2009,CA,Los Angeles
Marinello School of Beauty,,2009,CA,Los Angeles
Mount St Mary's College,,2009,CA,Los Angeles
Everest College-LA Wilshire,,2009,CA,Los Angeles
International College of Beauty Arts & Sciences,,2013,CA,Los Angeles
Otis College of Art and Design,,2009,CA,Los Angeles
Pacific States University,,2009,CA,Los Angeles
Dongguk University Los Angeles,,2009,CA,Los Angeles
Samra University of Oriental Medicine,,2009,CA,Los Angeles
Westwood College-Los Angeles,,2009,CA,Los Angeles
Southern California Institute of Architecture,,2009,CA,Los Angeles
University of Southern California,,2009,CA,Los Angeles
Icahn School of Medicine at Mount Sinai,,2013,NY,New York
Universal College of Beauty Inc,,2009,CA,Los Angeles
Maxine Waters Employment Preparation Center,,2009,CA,Los Angeles
Yeshiva Ohr Elchonon Chabad West Coast Talmudical Seminary,,2009,CA,Los Angeles
Tri-State College of Acupuncture,,2009,NY,New York
Globe Institute of Technology,,2009,NY,New York
The Ailey School,,2009,NY,New York
American Musical and Dramatic Academy,,2009,NY,New York
American Academy of Dramatic Arts,,2009,NY,New York
American Academy McAllister Institute of Funeral Service,,2009,NY,New York
Apex Technical School,,2009,NY,New York
Bank Street College of Education,,2009,NY,New York
Berkeley College,,2009,NY,New York
Boricua College,,2009,NY,New York
Metropolitan College of New York,,2009,NY,New York
Joffrey Ballet School-American Ballet Center,,2009,NY,New York
CUNY Graduate School and University Center,,2009,NY,New York
Gemological Institute of America-New York,,2009,NY,New York
Global Business Institute,,2009,NY,New York
Barnard College,,2009,NY,New York
The Juilliard School,,2009,NY,New York
Phillips Beth Israel School of Nursing,,2009,NY,New York
Marymount Manhattan College,,2009,NY,New York
Circle in the Square Theater School,,2009,NY,New York
Mount Sinai School of Medicine,,2009,NY,New York
Columbia University in the City of New York,,2009,NY,New York
Cooper Union for the Advancement of Science and Art,,2009,NY,New York
Weill Cornell Medical College,,2009,NY,New York
New York Institute of Technology-Manhattan Campus,,2009,NY,New York
French Culinary Institute,,2009,NY,New York
Empire Beauty School-Manhattan,,2009,NY,New York
The General Theological Seminary,,2009,NY,New York
Teachers College at Columbia University,,2009,NY,New York
Helene Fuld College of Nursing,,2009,NY,New York
Institute of Audio Research,,2009,NY,New York
Jewish Theological Seminary of America,,2009,NY,New York
Hebrew Union College-Jewish Institute of Religion,,2009,CA,Los Angeles
LIM College,,2009,NY,New York
Mandl The College of Allied Health,,2009,NY,New York
Manhattan School of Music,,2009,NY,New York
Diversified Language Institute,,2009,CA,Los Angeles
Memorial Hospital School of Radiation Therapy Technology,,2009,NY,New York
Merce Cunningham Studio,,2009,NY,New York
Mesivtha Tifereth Jerusalem of America,,2009,NY,New York
Studio Jewelers,,2009,NY,New York
Neighborhood Playhouse School of the Theater,,2009,NY,New York
The New School,,2009,NY,New York
Career Academy of New York,,2009,NY,New York
New York Institute of English and Business,,2009,NY,New York
New York Law School,,2009,NY,New York
New York University,,2009,NY,New York
New York College of Podiatric Medicine,,2009,NY,New York
New York School of Interior Design,,2009,NY,New York
Pace University-New York,,2009,NY,New York
Professional Business College,,2009,NY,New York
New York Career Institute,,2009,NY,New York
SUNY College of Optometry,,2009,NY,New York
Swedish Institute a College of Health Sciences,,2009,NY,New York
Technical Career Institutes,,2009,NY,New York
Touro College,,2009,NY,New York
Sanford-Brown Institute,,2009,NY,New York
Union Theological Seminary,,2009,NY,New York
School of Visual Arts,,2009,NY,New York
Wood Tobe-Coburn School,,2009,NY,New York
Yeshiva University,,2009,NY,New York
Hebrew Union College-Jewish Institute of Religion,,2009,NY,New York
The Art Institute of New York City,,2009,NY,New York
New York Academy of Art,,2009,NY,New York
Los Angeles ORT College,,2009,CA,Los Angeles
Everest College-West Los Angeles,,2009,CA,Los Angeles
Universal College of Beauty Inc,,2009,CA,Los Angeles
Dance Theatre of Harlem Inc,,2009,NY,New York
World Mission University,,2009,CA,Los Angeles
Yo San University of Traditional Chinese Medicine,,2009,CA,Los Angeles
Coast Career Institute,,2009,CA,Los Angeles
Marian Health Careers Center,,2009,CA,Los Angeles
Pacific College of Oriental Medicine-New York,,2009,NY,New York
New York Conservatory for Dramatic Arts,,2009,NY,New York
Lia Schorr Institute of Cosmetic Skin Care Training,,2009,NY,New York
Virginia Sewing Machines and School Center,,2009,CA,Los Angeles
A.B.I. School of Barbering & Cosmetology of Chelsea Inc.,,2009,NY,New York
ICDC College,,2009,CA,Los Angeles
Community Based Education and Development DBA CBD College,,2009,CA,Los Angeles
West Coast University,,2009,CA,Los Angeles
Harlem School of Technology Inc,,2009,NY,New York
CES College,,2009,CA,Los Angeles
Argosy University-Los Angeles,,2009,CA,Los Angeles
New Age Training,,2009,NY,New York
Anthem Institute - Manhattan,,2009,NY,New York
Career Development Institute,,2009,CA,Los Angeles
Ladera Career Paths Training Centers,,2009,CA,Los Angeles
Carsten Institute of New York,,2009,NY,New York
Palace Beauty College,,2009,CA,Los Angeles
USA Beauty School International,,2009,NY,New York
A.B.I. School of Barbering & Cosmetology of Tribeca Inc.,,2009,NY,New York
Institute of Allied Medical Professions,,2009,NY,New York
California Healing Arts College,,2009,CA,Los Angeles
The Chicago School of Professional Psychology at Los Angeles,,2009,CA,Los Angeles
The Chicago School of Professional Psychology at Westwood,,2009,CA,Los Angeles
Golden Gate University-Los Angeles,,2009,CA,Los Angeles
Walter Jay MD Institute An Educational Center,,2009,CA,Los Angeles
Los Angeles Center,,2009,CA,Los Angeles
Abram Friedman Occupational Center,,2010,CA,Los Angeles
American Career College-Los Angeles,,2010,CA,Los Angeles
Aveda Institute New York,,2009,NY,New York
Cleveland Chiropractic College of Los Angeles,,2010,CA,Los Angeles
LA College International,,2010,CA,Los Angeles
Los Angeles County College of Nursing and Allied Health,,2010,CA,Los Angeles
Career College Consultants,,2009,CA,Los Angeles
Everest College-LA Wilshire,,2010,CA,Los Angeles
Micropower Career Institute,,2009,NY,New York
The King’s College,,2009,NY,New York
Borner's Barber College,,2009,CA,Los Angeles
Southwestern Law School,,2010,CA,Los Angeles
Maxine Waters Employment Preparation Center,,2010,CA,Los Angeles
Tri-State College of Acupuncture,,2010,NY,New York
Central Nursing College,,2009,CA,Los Angeles
American Academy McAllister Institute of Funeral Service,,2010,NY,New York
Marinello School of Beauty,,2009,CA,Los Angeles
Mount St. Mary's College - Doheny Campus,,2009,CA,Los Angeles
Pratt Manhattan-A Division of Pratt Institute,,2009,NY,New York
Boricua College,,2010,NY,New York
Make-up Designory,,2009,NY,New York
Cooper Union for the Advancement of Science and Art,,2010,NY,New York
American Film Institute Conservatory,,2010,CA,Los Angeles
Gemological Institute of America-New York,,2010,NY,New York
Associated Technical College-Los Angeles,,2010,CA,Los Angeles
Bryan College-Los Angeles,,2010,CA,Los Angeles
Charles R Drew University of Medicine and Science,,2010,CA,Los Angeles
Mandl The College of Allied Health,,2010,NY,New York
FIDM/Fashion Institute of Design & Merchandising-Los Angeles,,2010,CA,Los Angeles
Merce Cunningham Studio,,2010,NY,New York
American Jewish University,,2010,CA,Los Angeles
The New School,,2010,NY,New York
Loyola Marymount University,,2010,CA,Los Angeles
Marinello Schools of Beauty-Los Angeles,,2010,CA,Los Angeles
Mount St Mary's College,,2010,CA,Los Angeles
Pace University-New York,,2010,NY,New York
Occidental College,,2010,CA,Los Angeles
Otis College of Art and Design,,2010,CA,Los Angeles
Pacific States University,,2010,CA,Los Angeles
Dongguk University Los Angeles,,2010,CA,Los Angeles
Westwood College-Los Angeles,,2010,CA,Los Angeles
Southern California Institute of Architecture,,2010,CA,Los Angeles
University of Southern California,,2010,CA,Los Angeles
Hebrew Union College-Jewish Institute of Religion-New York,,2010,NY,New York
Universal College of Beauty Inc-Los Angeles 1,,2010,CA,Los Angeles
Yeshiva Ohr Elchonon Chabad West Coast Talmudical Seminary,,2010,CA,Los Angeles
Globe Institute of Technology,,2010,NY,New York
The Ailey School,,2010,NY,New York
American Academy of Dramatic Arts-New York,,2010,NY,New York
Joffrey Ballet School-American Ballet Center,,2010,NY,New York
American Musical and Dramatic Academy,,2010,NY,New York
Apex Technical School,,2010,NY,New York
Bank Street College of Education,,2010,NY,New York
Barnard College,,2010,NY,New York
Berkeley College-New York,,2010,NY,New York
Phillips Beth Israel School of Nursing,,2010,NY,New York
Circle in the Square Theater School,,2010,NY,New York
Metropolitan College of New York,,2010,NY,New York
Columbia University in the City of New York,,2010,NY,New York
Weill Cornell Medical College,,2010,NY,New York
CUNY Graduate School and University Center,,2010,NY,New York
French Culinary Institute,,2010,NY,New York
The General Theological Seminary,,2010,NY,New York
Global Business Institute,,2010,NY,New York
Helene Fuld College of Nursing,,2010,NY,New York
Institute of Audio Research,,2010,NY,New York
Jewish Theological Seminary of America,,2010,NY,New York
The Juilliard School,,2010,NY,New York
LIM College,,2010,NY,New York
Manhattan School of Music,,2010,NY,New York
Marymount Manhattan College,,2010,NY,New York
Memorial Hospital School of Radiation Therapy Technology,,2010,NY,New York
Mesivtha Tifereth Jerusalem of America,,2010,NY,New York
Mount Sinai School of Medicine,,2010,NY,New York
Neighborhood Playhouse School of the Theater,,2010,NY,New York
Star Career Academy-New York,,2010,NY,New York
New York Institute of English and Business,,2010,NY,New York
New York Law School,,2010,NY,New York
New York Theological Seminary,,2010,NY,New York
New York University,,2010,NY,New York
New York College of Podiatric Medicine,,2010,NY,New York
New York School of Interior Design,,2010,NY,New York
Professional Business College,,2010,NY,New York
Empire Beauty School-Manhattan,,2010,NY,New York
Spanish-American Institute,,2010,NY,New York
New York Career Institute,,2010,NY,New York
SUNY College of Optometry,,2010,NY,New York
Swedish Institute a College of Health Sciences,,2010,NY,New York
Teachers College at Columbia University,,2010,NY,New York
Technical Career Institutes,,2010,NY,New York
Touro College,,2010,NY,New York
Sanford-Brown Institute-New York,,2010,NY,New York
Union Theological Seminary,,2010,NY,New York
School of Visual Arts,,2010,NY,New York
Wood Tobe-Coburn School,,2010,NY,New York
Yeshiva University,,2010,NY,New York
Hebrew Union College-Jewish Institute of Religion-Los Angeles,,2010,CA,Los Angeles
The Art Institute of New York City,,2010,NY,New York
Los Angeles ORT College-Los Angeles Campus,,2010,CA,Los Angeles
New York Academy of Art,,2010,NY,New York
Everest College-West Los Angeles,,2010,CA,Los Angeles
Universal College of Beauty Inc-Los Angeles 2,,2010,CA,Los Angeles
Diversified Language Institute,,2010,CA,Los Angeles
Yo San University of Traditional Chinese Medicine,,2010,CA,Los Angeles
Marian Health Careers Center,,2010,CA,Los Angeles
New York Conservatory for Dramatic Arts,,2010,NY,New York
Studio Jewelers,,2010,NY,New York
Dance Theatre of Harlem Inc,,2010,NY,New York
ICDC College,,2010,CA,Los Angeles
World Mission University,,2010,CA,Los Angeles
West Coast University-Los Angeles,,2010,CA,Los Angeles
Coast Career Institute,,2010,CA,Los Angeles
Palace Beauty College,,2010,CA,Los Angeles
Pacific College of Oriental Medicine-New York,,2010,NY,New York
A.B.I. School of Barbering & Cosmetology of Tribeca Inc.,,2010,NY,New York
Lia Schorr Institute of Cosmetic Skin Care Training,,2010,NY,New York
The King’s College,,2010,NY,New York
Virginia Sewing Machines and School Center,,2010,CA,Los Angeles
DeVry College of New York,,2010,NY,New York
A.B.I. School of Barbering & Cosmetology of Chelsea Inc.,,2010,NY,New York
LA Barber College,,2010,CA,Los Angeles
Community Based Education and Development DBA CBD College,,2010,CA,Los Angeles
Anthem Institute-Manhattan,,2010,NY,New York
California Healing Arts College,,2010,CA,Los Angeles
Marinello School of Beauty,,2010,CA,Los Angeles
Ladera Career Paths Training Centers,,2010,CA,Los Angeles
Argosy University-Los Angeles,,2010,CA,Los Angeles
Carsten Aveda Institute of New York,,2010,NY,New York
American Career College-Los Angeles,,2011,CA,Los Angeles
Aveda Institute-New York,,2010,NY,New York
New Age Training,,2010,NY,New York
USA Beauty School International,,2010,NY,New York
Loyola Marymount University,,2011,CA,Los Angeles
Career College Consultants,,2010,CA,Los Angeles
Institute of Allied Medical Professions-New York,,2010,NY,New York
Micropower Career Institute,,2010,NY,New York
Borner's Barber College,,2010,CA,Los Angeles
Career Development Institute,,2010,CA,Los Angeles
The Chicago School of Professional Psychology at Los Angeles,,2010,CA,Los Angeles
The Chicago School of Professional Psychology at Westwood,,2010,CA,Los Angeles
Central Nursing College,,2010,CA,Los Angeles
Academy for Jewish Religion-California,,2010,CA,Los Angeles
Angeles College of Nursing,,2010,CA,Los Angeles
Institute of Culinary Education,,2010,NY,New York
Preferred College of Nursing-Los Angeles,,2010,CA,Los Angeles
Southern California University SOMA,,2010,CA,Los Angeles
SAE Institute of Technology-New York,,2010,NY,New York
Touro College Los Angeles,,2010,CA,Los Angeles
Hair Design Institute at Fifth Avenue-New York,,2010,NY,New York
Golden Gate University-Los Angeles,,2010,CA,Los Angeles
Mount St. Mary's College - Doheny Campus,,2010,CA,Los Angeles
New York Institute of Technology,,2010,NY,New York
Pratt Manhattan-A Division of Pratt Institute,,2010,NY,New York
Los Angeles Center,,2010,CA,Los Angeles
Make-up Designory,,2010,NY,New York
American Academy of Dramatic Arts-Los Angeles,,2011,CA,Los Angeles
American Film Institute Conservatory,,2011,CA,Los Angeles
Associated Technical College-Los Angeles,,2011,CA,Los Angeles
Bryan University,,2011,CA,Los Angeles
Charles R Drew University of Medicine and Science,,2011,CA,Los Angeles
FIDM/Fashion Institute of Design & Merchandising-Los Angeles,,2011,CA,Los Angeles
LA College International,,2011,CA,Los Angeles
American Jewish University,,2011,CA,Los Angeles
Los Angeles County College of Nursing and Allied Health,,2011,CA,Los Angeles
Marinello Schools of Beauty-Los Angeles,,2011,CA,Los Angeles
Mount St. Mary's College,,2011,CA,Los Angeles
Everest College-LA Wilshire,,2011,CA,Los Angeles
Occidental College,,2011,CA,Los Angeles
Otis College of Art and Design,,2011,CA,Los Angeles
Pacific States University,,2011,CA,Los Angeles
Dongguk University Los Angeles,,2011,CA,Los Angeles
Westwood College-Los Angeles,,2011,CA,Los Angeles
Universal College of Beauty Inc-Los Angeles 1,,2011,CA,Los Angeles
Southern California Institute of Architecture,,2011,CA,Los Angeles
University of Southern California,,2011,CA,Los Angeles
Yeshiva Ohr Elchonon Chabad West Coast Talmudical Seminary,,2011,CA,Los Angeles
Tri-State College of Acupuncture,,2011,NY,New York
The Ailey School,,2011,NY,New York
American Academy McAllister Institute of Funeral Service,,2011,NY,New York
American Musical and Dramatic Academy,,2011,NY,New York
Southwestern Law School,,2011,CA,Los Angeles
Berkeley College-New York,,2011,NY,New York
Boricua College,,2011,NY,New York
Metropolitan College of New York,,2011,NY,New York
Globe Institute of Technology,,2011,NY,New York
CUNY Graduate School and University Center,,2011,NY,New York
American Academy of Dramatic Arts-New York,,2011,NY,New York
Global Business Institute,,2011,NY,New York
Joffrey Ballet School-American Ballet Center,,2011,NY,New York
The Juilliard School,,2011,NY,New York
Apex Technical School,,2011,NY,New York
Bank Street College of Education,,2011,NY,New York
Barnard College,,2011,NY,New York
Neighborhood Playhouse School of the Theater,,2011,NY,New York
Phillips Beth Israel School of Nursing,,2011,NY,New York
New York Theological Seminary,,2011,NY,New York
Circle in the Square Theater School,,2011,NY,New York
Pace University-New York,,2011,NY,New York
Columbia University in the City of New York,,2011,NY,New York
Cooper Union for the Advancement of Science and Art,,2011,NY,New York
Weill Cornell Medical College,,2011,NY,New York
Technical Career Institutes,,2011,NY,New York
French Culinary Institute,,2011,NY,New York
Gemological Institute of America-New York,,2011,NY,New York
The General Theological Seminary,,2011,NY,New York
The Art Institute of New York City,,2011,NY,New York
Helene Fuld College of Nursing,,2011,NY,New York
Institute of Audio Research,,2011,NY,New York
Jewish Theological Seminary of America,,2011,NY,New York
LIM College,,2011,NY,New York
Mandl The College of Allied Health,,2011,NY,New York
Manhattan School of Music,,2011,NY,New York
Marymount Manhattan College,,2011,NY,New York
Memorial Hospital School of Radiation Therapy Technology,,2011,NY,New York
Mesivtha Tifereth Jerusalem of America,,2011,NY,New York
Mount Sinai School of Medicine,,2011,NY,New York
The New School,,2011,NY,New York
Star Career Academy-New York,,2011,NY,New York
New York Law School,,2011,NY,New York
New York University,,2011,NY,New York
New York College of Podiatric Medicine,,2011,NY,New York
New York School of Interior Design,,2011,NY,New York
Professional Business College,,2011,NY,New York
Empire Beauty School-Manhattan,,2011,NY,New York
Spanish-American Institute,,2011,NY,New York
New York Career Institute,,2011,NY,New York
SUNY College of Optometry,,2011,NY,New York
Swedish Institute a College of Health Sciences,,2011,NY,New York
Teachers College at Columbia University,,2011,NY,New York
Touro College,,2011,NY,New York
Sanford-Brown Institute-New York,,2011,NY,New York
Union Theological Seminary,,2011,NY,New York
School of Visual Arts,,2011,NY,New York
Wood Tobe-Coburn School,,2011,NY,New York
Yeshiva University,,2011,NY,New York
Hebrew Union College-Jewish Institute of Religion-New York,,2011,NY,New York
New York Academy of Art,,2011,NY,New York
Globe Institute of Technology,,2012,NY,New York
The Ailey School,,2012,NY,New York
American Musical and Dramatic Academy,,2012,NY,New York
American Academy of Dramatic Arts-New York,,2012,NY,New York
American Academy McAllister Institute of Funeral Service,,2012,NY,New York
Apex Technical School,,2012,NY,New York
Bank Street College of Education,,2012,NY,New York
Berkeley College-New York,,2012,NY,New York
Boricua College,,2012,NY,New York
Metropolitan College of New York,,2012,NY,New York
Joffrey Ballet School-American Ballet Center,,2012,NY,New York
CUNY Graduate School and University Center,,2012,NY,New York
Gemological Institute of America-New York,,2012,NY,New York
Global Business Institute,,2012,NY,New York
Barnard College,,2012,NY,New York
The Juilliard School,,2012,NY,New York
Phillips Beth Israel School of Nursing,,2012,NY,New York
Marymount Manhattan College,,2012,NY,New York
Circle in the Square Theater School,,2012,NY,New York
Neighborhood Playhouse School of the Theater,,2012,NY,New York
Columbia University in the City of New York,,2012,NY,New York
Cooper Union for the Advancement of Science and Art,,2012,NY,New York
Weill Cornell Medical College,,2012,NY,New York
Pace University-New York,,2012,NY,New York
The International Culinary Center,,2012,NY,New York
New York Career Institute,,2012,NY,New York
The General Theological Seminary,,2012,NY,New York
Technical Career Institutes,,2012,NY,New York
Helene Fuld College of Nursing,,2012,NY,New York
Institute of Audio Research,,2012,NY,New York
Jewish Theological Seminary of America,,2012,NY,New York
The Art Institute of New York City,,2012,NY,New York
LIM College,,2012,NY,New York
Mandl School-The College of Allied Health,,2012,NY,New York
Manhattan School of Music,,2012,NY,New York
Yo San University of Traditional Chinese Medicine,,2012,CA,Los Angeles
Memorial Hospital School of Radiation Therapy Technology,,2012,NY,New York
Mesivtha Tifereth Jerusalem of America,,2012,NY,New York
Icahn School of Medicine at Mount Sinai,,2012,NY,New York
DeVry College of New York,,2012,NY,New York
The New School,,2012,NY,New York
Star Career Academy-New York,,2012,NY,New York
New York Law School,,2012,NY,New York
New York Theological Seminary,,2012,NY,New York
New York University,,2012,NY,New York
New York College of Podiatric Medicine,,2012,NY,New York
New York School of Interior Design,,2012,NY,New York
Professional Business College,,2012,NY,New York
Empire Beauty School-Manhattan,,2012,NY,New York
Spanish-American Institute,,2012,NY,New York
SUNY College of Optometry,,2012,NY,New York
Swedish Institute a College of Health Sciences,,2012,NY,New York
Teachers College at Columbia University,,2012,NY,New York
Touro College,,2012,NY,New York
Sanford-Brown Institute-New York,,2012,NY,New York
Union Theological Seminary,,2012,NY,New York
School of Visual Arts,,2012,NY,New York
Wood Tobe-Coburn School,,2012,NY,New York
Yeshiva University,,2012,NY,New York
Hebrew Union College-Jewish Institute of Religion,,2012,NY,New York
New York Academy of Art,,2012,NY,New York
Los Angeles ORT College-Los Angeles Campus,,2012,CA,Los Angeles
Everest College-West Los Angeles,,2012,CA,Los Angeles
Universal College of Beauty Inc-Los Angeles 2,,2012,CA,Los Angeles
Dance Theatre of Harlem Inc,,2012,NY,New York
Diversified Language Institute,,2012,CA,Los Angeles
World Mission University,,2012,CA,Los Angeles
Coast Career Institute,,2012,CA,Los Angeles
Marian Health Careers Center,,2012,CA,Los Angeles
Pacific College of Oriental Medicine-New York,,2012,NY,New York
New York Conservatory for Dramatic Arts,,2012,NY,New York
Lia Schorr Institute of Cosmetic Skin Care Training,,2012,NY,New York
Studio Jewelers,,2012,NY,New York
Virginia Sewing Machines and School Center,,2012,CA,Los Angeles
A.B.I. School of Barbering & Cosmetology of Chelsea Inc.,,2012,NY,New York
ICDC College,,2012,CA,Los Angeles
CBD College,,2012,CA,Los Angeles
California Healing Arts College,,2012,CA,Los Angeles
Argosy University-Los Angeles,,2012,CA,Los Angeles
Carsten Aveda Institute of New York,,2012,NY,New York
Palace Beauty College,,2012,CA,Los Angeles
Aveda Institute-New York,,2012,NY,New York
Los Angeles ORT College-Los Angeles Campus,,2011,CA,Los Angeles
Universal College of Beauty Inc-Los Angeles 2,,2011,CA,Los Angeles
Everest College-West Los Angeles,,2011,CA,Los Angeles
Dance Theatre of Harlem Inc,,2011,NY,New York
Diversified Language Institute,,2011,CA,Los Angeles
Yo San University of Traditional Chinese Medicine,,2011,CA,Los Angeles
Marian Health Careers Center,,2011,CA,Los Angeles
New York Conservatory for Dramatic Arts,,2011,NY,New York
Studio Jewelers,,2011,NY,New York
DeVry College of New York,,2011,NY,New York
World Mission University,,2011,CA,Los Angeles
Anthem Institute-Manhattan,,2011,NY,New York
Coast Career Institute,,2011,CA,Los Angeles
Carsten Aveda Institute of New York,,2011,NY,New York
Pacific College of Oriental Medicine-New York,,2011,NY,New York
A.B.I. School of Barbering & Cosmetology of Tribeca Inc.,,2011,NY,New York
Lia Schorr Institute of Cosmetic Skin Care Training,,2011,NY,New York
The King’s College,,2011,NY,New York
Virginia Sewing Machines and School Center,,2011,CA,Los Angeles
The Chicago School of Professional Psychology at Westwood,,2011,CA,Los Angeles
A.B.I. School of Barbering & Cosmetology of Chelsea Inc.,,2011,NY,New York
ICDC College,,2011,CA,Los Angeles
CBD College,,2011,CA,Los Angeles
SAE Institute of Technology-New York,,2011,NY,New York
California Healing Arts College,,2011,CA,Los Angeles
Ladera Career Paths Training Centers,,2011,CA,Los Angeles
Argosy University-Los Angeles,,2011,CA,Los Angeles
International College of Beauty Arts & Sciences,,2011,CA,Los Angeles
Palace Beauty College,,2011,CA,Los Angeles
Aveda Institute-New York,,2011,NY,New York
New Age Training,,2011,NY,New York
Fremont College,,2011,CA,Los Angeles
Career College Consultants,,2011,CA,Los Angeles
Institute of Allied Medical Professions-New York,,2011,NY,New York
Micropower Career Institute,,2011,NY,New York
FIDM/Fashion Institute of Design & Merchandising-Los Angeles,,2012,CA,Los Angeles
Borner's Barber College,,2011,CA,Los Angeles
Career Development Institute,,2011,CA,Los Angeles
The Chicago School of Professional Psychology at Los Angeles,,2011,CA,Los Angeles
Occidental College,,2012,CA,Los Angeles
Central Nursing College,,2011,CA,Los Angeles
Academy for Jewish Religion-California,,2011,CA,Los Angeles
Angeles College,,2011,CA,Los Angeles
LA Barber College,,2011,CA,Los Angeles
Institute of Culinary Education,,2011,NY,New York
Preferred College of Nursing-Los Angeles,,2011,CA,Los Angeles
Southern California University SOMA,,2011,CA,Los Angeles
Touro College Los Angeles,,2011,CA,Los Angeles
Hair Design Institute at Fifth Avenue-New York,,2011,NY,New York
Mildred Elley,,2011,NY,New York
The Collective School Of Music,,2011,NY,New York
Manhattan Institute (The),,2011,NY,New York
Atelier Esthetique Institute of Esthetics,,2011,NY,New York
DeVry College of New York's Keller Graduate School of Management,,2011,NY,New York
Aveda Fredric's Institute,,2011,CA,Los Angeles
New York Film Academy,,2011,NY,New York
Golden Gate University-Los Angeles,,2011,CA,Los Angeles
Marinello School of Beauty,,2011,CA,Los Angeles
Mount St. Mary's College - Doheny Campus,,2011,CA,Los Angeles
Pratt Manhattan-A Division of Pratt Institute,,2011,NY,New York
Los Angeles Center,,2011,CA,Los Angeles
Make-up Designory,,2011,NY,New York
American Academy of Dramatic Arts-Los Angeles,,2012,CA,Los Angeles
American Film Institute Conservatory,,2012,CA,Los Angeles
American Career College-Los Angeles,,2012,CA,Los Angeles
Associated Technical College-Los Angeles,,2012,CA,Los Angeles
Bryan University,,2012,CA,Los Angeles
Charles R Drew University of Medicine and Science,,2012,CA,Los Angeles
Joe Blasco Makeup Artist Training Center,,2012,CA,Los Angeles
American Jewish University,,2012,CA,Los Angeles
Los Angeles County College of Nursing and Allied Health,,2012,CA,Los Angeles
Loyola Marymount University,,2012,CA,Los Angeles
Marinello Schools of Beauty-Los Angeles,,2012,CA,Los Angeles
Mount St. Mary's College,,2012,CA,Los Angeles
Everest College-LA Wilshire,,2012,CA,Los Angeles
Otis College of Art and Design,,2012,CA,Los Angeles
Pacific States University,,2012,CA,Los Angeles
Dongguk University Los Angeles,,2012,CA,Los Angeles
Westwood College-Los Angeles,,2012,CA,Los Angeles
Southern California Institute of Architecture,,2012,CA,Los Angeles
University of Southern California,,2012,CA,Los Angeles
Southwestern Law School,,2012,CA,Los Angeles
Universal College of Beauty Inc-Los Angeles 1,,2012,CA,Los Angeles
Yeshiva Ohr Elchonon Chabad West Coast Talmudical Seminary,,2012,CA,Los Angeles
Tri-State College of Acupuncture,,2012,NY,New York
New Age Training,,2012,NY,New York
Micropower Career Institute,,2012,NY,New York
Career College Consultants,,2012,CA,Los Angeles
The King’s College,,2012,NY,New York
The Chicago School of Professional Psychology at Westwood,,2012,CA,Los Angeles
Institute of Culinary Education,,2012,NY,New York
Institute of Allied Medical Professions-New York,,2012,NY,New York
Atelier Esthetique Institute of Esthetics,,2012,NY,New York
Borner's Barber College,,2012,CA,Los Angeles
Central Nursing College,,2012,CA,Los Angeles
Academy for Jewish Religion-California,,2012,CA,Los Angeles
Preferred College of Nursing-Los Angeles,,2012,CA,Los Angeles
Southern California University SOMA,,2012,CA,Los Angeles
Hair Design Institute at Fifth Avenue-New York,,2012,NY,New York
The Collective School Of Music,,2012,NY,New York
DeVry College of New York's Keller Graduate School of Management,,2012,NY,New York
International College of Beauty Arts & Sciences,,2012,CA,Los Angeles
Christie's Education,,2012,NY,New York
Career Development Institute,,2012,CA,Los Angeles
Golden Gate University-Los Angeles,,2012,CA,Los Angeles
Mount St. Mary's College - Doheny Campus,,2012,CA,Los Angeles
Los Angeles Center,,2012,CA,Los Angeles
Angeles College,,2012,CA,Los Angeles
American Film Institute Conservatory,,2013,CA,Los Angeles
Associated Technical College-Los Angeles,,2013,CA,Los Angeles
Charles R Drew University of Medicine and Science,,2013,CA,Los Angeles
SAE Institute of Technology-New York,,2012,NY,New York
Loyola Marymount University,,2013,CA,Los Angeles
Mildred Elley,,2012,NY,New York
Occidental College,,2013,CA,Los Angeles
Manhattan Institute (The),,2012,NY,New York
Westwood College-Los Angeles,,2013,CA,Los Angeles
University of Southern California,,2013,CA,Los Angeles
Universal College of Beauty Inc-Los Angeles 1,,2013,CA,Los Angeles
Aveda Institute Los Angeles,,2012,CA,Los Angeles
Academy of Couture Art,,2012,CA,Los Angeles
SAE Institute of Technology Los Angeles,,2012,CA,Los Angeles
Digital Film Academy,,2012,NY,New York
Phillips Beth Israel School of Nursing,,2013,NY,New York
Marinello School of Beauty,,2012,CA,Los Angeles
Columbia University in the City of New York,,2013,NY,New York
Pratt Manhattan-A Division of Pratt Institute,,2012,NY,New York
The International Culinary Center,,2013,NY,New York
Fremont College,,2012,CA,Los Angeles
Make-up Designory,,2012,NY,New York
American Academy of Dramatic Arts-Los Angeles,,2013,CA,Los Angeles
Mandl School-The College of Allied Health,,2013,NY,New York
American Career College-Los Angeles,,2013,CA,Los Angeles
Mesivtha Tifereth Jerusalem of America,,2013,NY,New York
Bryan University,,2013,CA,Los Angeles
Fashion Institute of Design & Merchandising-Los Angeles,,2013,CA,Los Angeles
American Jewish University,,2013,CA,Los Angeles
Los Angeles County College of Nursing and Allied Health,,2013,CA,Los Angeles
Empire Beauty School-Manhattan,,2013,NY,New York
Marinello Schools of Beauty-Los Angeles,,2013,CA,Los Angeles
Mount St Mary's College,,2013,CA,Los Angeles
Everest College-LA Wilshire,,2013,CA,Los Angeles
Sanford-Brown Institute-New York,,2013,NY,New York
Otis College of Art and Design,,2013,CA,Los Angeles
Pacific States University,,2013,CA,Los Angeles
Dongguk University-Los Angeles,,2013,CA,Los Angeles
Los Angeles ORT College-Los Angeles Campus,,2013,CA,Los Angeles
Southern California Institute of Architecture,,2013,CA,Los Angeles
Diversified Vocational College,,2013,CA,Los Angeles
Southwestern Law School,,2013,CA,Los Angeles
Yeshiva Ohr Elchonon Chabad West Coast Talmudical Seminary,,2013,CA,Los Angeles
Tri-State College of Acupuncture,,2013,NY,New York
Globe Institute of Technology,,2013,NY,New York
Carsten Institute of Cosmetology,,2013,NY,New York
American Academy of Dramatic Arts-New York,,2013,NY,New York
American Academy McAllister Institute of Funeral Service,,2013,NY,New York
Joffrey Ballet School,,2013,NY,New York
American Musical and Dramatic Academy,,2013,NY,New York
Bank Street College of Education,,2013,NY,New York
Barnard College,,2013,NY,New York
Berkeley College-New York,,2013,NY,New York
Preferred College of Nursing-Los Angeles,,2013,CA,Los Angeles
Boricua College,,2013,NY,New York
Circle in the Square Theater School,,2013,NY,New York
Metropolitan College of New York,,2013,NY,New York
Cooper Union for the Advancement of Science and Art,,2013,NY,New York
Weill Cornell Medical College,,2013,NY,New York
CUNY Graduate School and University Center,,2013,NY,New York
Advanced Computing Institute,,2013,CA,Los Angeles
Gemological Institute of America-New York,,2013,NY,New York
The General Theological Seminary,,2013,NY,New York
Helene Fuld College of Nursing,,2013,NY,New York
Institute of Audio Research,,2013,NY,New York
Jewish Theological Seminary of America,,2013,NY,New York
The Juilliard School,,2013,NY,New York
LIM College,,2013,NY,New York
Manhattan School of Music,,2013,NY,New York
Marymount Manhattan College,,2013,NY,New York
Memorial Hospital School of Radiation Therapy Technology,,2013,NY,New York
Neighborhood Playhouse School of the Theater,,2013,NY,New York
The New School,,2013,NY,New York
New York Law School,,2013,NY,New York
New York Theological Seminary,,2013,NY,New York
New York University,,2013,NY,New York
New York College of Podiatric Medicine,,2013,NY,New York
New York School of Interior Design,,2013,NY,New York
Pace University-New York,,2013,NY,New York
Professional Business College,,2013,NY,New York
Spanish-American Institute,,2013,NY,New York
New York Career Institute,,2013,NY,New York
SUNY College of Optometry,,2013,NY,New York
Swedish Institute a College of Health Sciences,,2013,NY,New York
Teachers College at Columbia University,,2013,NY,New York
Technical Career Institutes,,2013,NY,New York
Touro College,,2013,NY,New York
Union Theological Seminary in the City of New York,,2013,NY,New York
School of Visual Arts,,2013,NY,New York
Wood Tobe-Coburn School,,2013,NY,New York
Yeshiva University,,2013,NY,New York
Hebrew Union College-Jewish Institute of Religion,,2013,NY,New York
The Art Institute of New York City,,2013,NY,New York
New York Academy of Art,,2013,NY,New York
Everest College-West Los Angeles,,2013,CA,Los Angeles
Universal College of Beauty Inc-Los Angeles 2,,2013,CA,Los Angeles
Dance Theatre of Harlem Inc,,2013,NY,New York
World Mission University,,2013,CA,Los Angeles
Yo San University of Traditional Chinese Medicine,,2013,CA,Los Angeles
Coast Career Institute,,2013,CA,Los Angeles
Pacific College of Oriental Medicine-New York,,2013,NY,New York
New York Conservatory for Dramatic Arts,,2013,NY,New York
Lia Schorr Institute of Cosmetic Skin Care Training,,2013,NY,New York
Studio Jewelers,,2013,NY,New York
Virginia Sewing Machines and School Center,,2013,CA,Los Angeles
CBD College,,2013,CA,Los Angeles
Argosy University-Los Angeles,,2013,CA,Los Angeles
Palace Beauty College,,2013,CA,Los Angeles
Aveda Institute-New York,,2013,NY,New York
New Age Training,,2013,NY,New York
Career College Consultants,,2013,CA,Los Angeles
Institute of Allied Medical Professions-New York,,2013,NY,New York
Micropower Career Institute,,2013,NY,New York
The King’s College,,2013,NY,New York
Borner's Barber College,,2013,CA,Los Angeles
Career Development Institute,,2013,CA,Los Angeles
The Chicago School of Professional Psychology at Los Angeles,,2013,CA,Los Angeles
The Chicago School of Professional Psychology at Westwood,,2013,CA,Los Angeles
Central Nursing College,,2013,CA,Los Angeles
Academy for Jewish Religion-California,,2013,CA,Los Angeles
Angeles College,,2013,CA,Los Angeles
Institute of Culinary Education,,2013,NY,New York
Southern California University SOMA,,2013,CA,Los Angeles
SAE Institute of Technology-New York,,2013,NY,New York
Hair Design Institute at Fifth Avenue-New York,,2013,NY,New York
Mildred Elley-New York Campus,,2013,NY,New York
The Collective School Of Music,,2013,NY,New York
Manhattan Institute,,2013,NY,New York
Atelier Esthetique Institute of Esthetics,,2013,NY,New York
Aveda Institute-Los Angeles,,2013,CA,Los Angeles
Relay Graduate School of Education,,2013,NY,New York
Christie's Education,,2013,NY,New York
SAE Institute of Technology-Los Angeles,,2013,CA,Los Angeles
Digital Film Academy,,2013,NY,New York
Sotheby's Institute of Art-NY,,2013,NY,New York
American Academy of Personal Training,,2013,NY,New York
Arrojo Cosmetology School,,2013,NY,New York
DeVry College of New York,,2013,NY,New York
Golden Gate University-Los Angeles,,2013,CA,Los Angeles
Marinello School of Beauty,,2013,CA,Los Angeles
Mount St. Mary's College - Doheny Campus,,2013,CA,Los Angeles
Pratt Manhattan-A Division of Pratt Institute,,2013,NY,New York
Los Angeles Center,,2013,CA,Los Angeles
Fremont College,,2013,CA,Los Angeles
Make-up Designory,,2013,NY,New York
